完成奖	李嘉雯
完成奖	王雨彤
完成奖	宋筱溪
完成奖	小韩
完成奖	王艺轩
完成奖	陈梓轩
完成奖	高裕航
完成奖	桃桃
优秀奖	桃桃
完成奖	Felix
完成奖	王浩森
完成奖	李梓瑜
完成奖	周禹成
完成奖	郭昊霖
完成奖	孙铭浦
优秀奖	李嘉雯
完成奖	艾玉鋮
完成奖	郑骋
完成奖	刘熙恬
完成奖	宋博
完成奖	徐玉良
完成奖	刘熙恬
完成奖	艾玉鋮
完成奖	王梓霖
完成奖	王近蕴
完成奖	孟书贤
完成奖	高煜鑫
完成奖	游子锋
完成奖	唐歆翔
完成奖	李文博
完成奖	石舒悦
完成奖	郑骋
完成奖	刘晋铭
完成奖	黄福鑫
完成奖	雷乔麟
完成奖	徐玉良
优秀奖	Felix
优秀奖	王雨彤
优秀奖	陈梓轩
完成奖	王艺轩
完成奖	宋筱溪
优秀奖	小韩
优秀奖	郭昊霖
完成奖	刘晋铭
优秀奖	张子月
完成奖	吴婉毓
优秀奖	李文博
完成奖	颜子媛
完成奖	孟书贤
完成奖	雷乔麟
完成奖	尹梓宸
完成奖	游子锋
完成奖	黄福鑫
完成奖	徐玉良
完成奖	秦明辉
优秀奖	徐玉良
优秀奖	蒋钧泽
完成奖	宋博
完成奖	唐歆翔
完成奖	刘金柏
优秀奖	秦明辉
完成奖	赵宜州
完成奖	尹梓宸
完成奖	曹鹏轩
完成奖	李尧天
完成奖	姚闰凯
完成奖	吴婉毓
完成奖	张子月
完成奖	刘金柏
完成奖	颜子媛